<?xml version="1.0" encoding="UTF-8"?>
<Tokens version="1.0">
  <Token>
    <TokenIdentifier>
      <Name>eventID</Name>
      <APILanguage>cpp</APILanguage>
      <Type>data</Type>
    </TokenIdentifier>
    <Path>class_ak_event_a74212f955e0443deb39b764bbecc809a.html</Path>
    <Anchor>a74212f955e0443deb39b764bbecc809a</Anchor>
    <Abstract>ID of the Event as found in the WwiseID.cs file.</Abstract>
  </Token>
  <Token>
    <TokenIdentifier>
      <Name>soundEmitterObject</Name>
      <APILanguage>cpp</APILanguage>
      <Type>data</Type>
    </TokenIdentifier>
    <Path>class_ak_event_a3f25432892a94c9b80d4e24408cfe551.html</Path>
    <Anchor>a3f25432892a94c9b80d4e24408cfe551</Anchor>
    <Abstract>Game object onto which the Event will be posted. By default, when empty, it is posted...</Abstract>
  </Token>
  <Token>
    <TokenIdentifier>
      <Name>enableActionOnEvent</Name>
      <APILanguage>cpp</APILanguage>
      <Type>data</Type>
    </TokenIdentifier>
    <Path>class_ak_event_a55c358f4863c8f85aa5dd72dcf5b8fcb.html</Path>
    <Anchor>a55c358f4863c8f85aa5dd72dcf5b8fcb</Anchor>
    <Abstract>Enables additional options to reuse existing events. Use it to transform a Play event...</Abstract>
  </Token>
  <Token>
    <TokenIdentifier>
      <Name>actionOnEventType</Name>
      <APILanguage>cpp</APILanguage>
      <Type>data</Type>
    </TokenIdentifier>
    <Path>class_ak_event_a9ebd4b3857bd5aa4e48ad140f7418a75.html</Path>
    <Anchor>a9ebd4b3857bd5aa4e48ad140f7418a75</Anchor>
    <Abstract>Replacement action. See AK::SoundEngine::ExecuteEventOnAction().</Abstract>
  </Token>
  <Token>
    <TokenIdentifier>
      <Name>curveInterpolation</Name>
      <APILanguage>cpp</APILanguage>
      <Type>data</Type>
    </TokenIdentifier>
    <Path>class_ak_event_ac9a601f2ea52e2ec4f7da6f6d1f47417.html</Path>
    <Anchor>ac9a601f2ea52e2ec4f7da6f6d1f47417</Anchor>
    <Abstract>Fade curve to use with the new Action. See AK::SoundEngine::ExecuteEventOnAction()...</Abstract>
  </Token>
  <Token>
    <TokenIdentifier>
      <Name>transitionDuration</Name>
      <APILanguage>cpp</APILanguage>
      <Type>data</Type>
    </TokenIdentifier>
    <Path>class_ak_event_a856277457c22871638f774f7b99069d8.html</Path>
    <Anchor>a856277457c22871638f774f7b99069d8</Anchor>
    <Abstract>Duration of the fade. See AK::SoundEngine::ExecuteEventOnAction().</Abstract>
  </Token>
  <Token>
    <TokenIdentifier>
      <Name>HandleEvent</Name>
      <APILanguage>csharp</APILanguage>
      <Type>instm</Type>
    </TokenIdentifier>
    <Path>class_ak_bank_ada6a32539105d93d445110156c7dc36a.html</Path>
    <Anchor>ada6a32539105d93d445110156c7dc36a</Anchor>
    <Abstract>Loads the SoundBank.</Abstract>
  </Token>
  <Token>
    <TokenIdentifier>
      <Name>UnloadBank</Name>
      <APILanguage>csharp</APILanguage>
      <Type>instm</Type>
    </TokenIdentifier>
    <Path>class_ak_bank_a0efb3f468b789c781f6a0057e95ec16e.html</Path>
    <Anchor>a0efb3f468b789c781f6a0057e95ec16e</Anchor>
    <Abstract>Unloads a SoundBank.</Abstract>
  </Token>
  <Token>
    <TokenIdentifier>
      <Name>bankName</Name>
      <APILanguage>cpp</APILanguage>
      <Type>data</Type>
    </TokenIdentifier>
    <Path>class_ak_bank_a54e661da632920972f17f634261e5980.html</Path>
    <Anchor>a54e661da632920972f17f634261e5980</Anchor>
    <Abstract>Name of the SoundBank, as specified in the Wwise project.</Abstract>
  </Token>
  <Token>
    <TokenIdentifier>
      <Name>loadAsynchronous</Name>
      <APILanguage>cpp</APILanguage>
      <Type>data</Type>
    </TokenIdentifier>
    <Path>class_ak_bank_ad4479c06c1ebb566ae0026ac55a33466.html</Path>
    <Anchor>ad4479c06c1ebb566ae0026ac55a33466</Anchor>
    <Abstract>Check this to load the SoundBank in the background. Be careful, if Events are triggered...</Abstract>
  </Token>
  <Token>
    <TokenIdentifier>
      <Name>decodeBank</Name>
      <APILanguage>cpp</APILanguage>
      <Type>data</Type>
    </TokenIdentifier>
    <Path>class_ak_bank_a3f58529f1a33b70d89941ec3c9e1e7f7.html</Path>
    <Anchor>a3f58529f1a33b70d89941ec3c9e1e7f7</Anchor>
    <Abstract>Decode this SoundBank upon load.</Abstract>
  </Token>
  <Token>
    <TokenIdentifier>
      <Name>saveDecodedBank</Name>
      <APILanguage>cpp</APILanguage>
      <Type>data</Type>
    </TokenIdentifier>
    <Path>class_ak_bank_a94de1015c0721b0bd1372827c86821bb.html</Path>
    <Anchor>a94de1015c0721b0bd1372827c86821bb</Anchor>
    <Abstract>Save the decoded SoundBank to disk for faster loads in the future.</Abstract>
  </Token>
  <Token>
    <TokenIdentifier>
      <Name>unloadTriggerList</Name>
      <APILanguage>cpp</APILanguage>
      <Type>data</Type>
    </TokenIdentifier>
    <Path>class_ak_bank_abc5eeb2049f9b0fc8eb9a08cb2a9f332.html</Path>
    <Anchor>abc5eeb2049f9b0fc8eb9a08cb2a9f332</Anchor>
    <Abstract>Reserved.</Abstract>
  </Token>
  <Token>
    <TokenIdentifier>
      <Name>SetMonitoringCallback</Name>
      <APILanguage>csharp</APILanguage>
      <Type>clm</Type>
    </TokenIdentifier>
    <Path>class_ak_callback_manager_a3276e74d1687aeff4b3ac74a91aad5bd.html</Path>
    <Anchor>a3276e74d1687aeff4b3ac74a91aad5bd</Anchor>
    <Abstract>Call this to set a function to call whenever Wwise prints a message (warnings or...</Abstract>
  </Token>
  <Token>
    <TokenIdentifier>
      <Name>SetBGMCallback</Name>
      <APILanguage>csharp</APILanguage>
      <Type>clm</Type>
    </TokenIdentifier>
    <Path>class_ak_callback_manager_af1adabac2fa29adf7790d2ec66b58907.html</Path>
    <Anchor>af1adabac2fa29adf7790d2ec66b58907</Anchor>
  </Token>
  <Token>
    <TokenIdentifier>
      <Name>PostCallbacks</Name>
      <APILanguage>csharp</APILanguage>
      <Type>clm</Type>
    </TokenIdentifier>
    <Path>class_ak_callback_manager_a514eb0e85a31f0f5b2299a013085b360.html</Path>
    <Anchor>a514eb0e85a31f0f5b2299a013085b360</Anchor>
  </Token>
  <Token>
    <TokenIdentifier>
      <Name>GetAuxSendValueForPosition</Name>
      <APILanguage>csharp</APILanguage>
      <Type>instm</Type>
    </TokenIdentifier>
    <Path>class_ak_environment_portal_a803fc2ce7c07709afdcda9672cad6951.html</Path>
    <Anchor>a803fc2ce7c07709afdcda9672cad6951</Anchor>
    <Abstract>The axis used to find the contribution of each environment.</Abstract>
  </Token>
  <Token>
    <TokenIdentifier>
      <Name>axis</Name>
      <APILanguage>cpp</APILanguage>
      <Type>data</Type>
    </TokenIdentifier>
    <Path>class_ak_environment_portal_af6f8e390606fd322e4ffac5c8a5211d1.html</Path>
    <Anchor>af6f8e390606fd322e4ffac5c8a5211d1</Anchor>
  </Token>
  <Token>
    <TokenIdentifier>
      <Name>eventID</Name>
      <APILanguage>cpp</APILanguage>
      <Type>data</Type>
    </TokenIdentifier>
    <Path>class_ak_event_a74212f955e0443deb39b764bbecc809a.html</Path>
    <Anchor>a74212f955e0443deb39b764bbecc809a</Anchor>
    <Abstract>ID of the Event as found in the WwiseID.cs file.</Abstract>
  </Token>
  <Token>
    <TokenIdentifier>
      <Name>soundEmitterObject</Name>
      <APILanguage>cpp</APILanguage>
      <Type>data</Type>
    </TokenIdentifier>
    <Path>class_ak_event_a3f25432892a94c9b80d4e24408cfe551.html</Path>
    <Anchor>a3f25432892a94c9b80d4e24408cfe551</Anchor>
    <Abstract>Game object onto which the Event will be posted. By default, when empty, it is posted...</Abstract>
  </Token>
  <Token>
    <TokenIdentifier>
      <Name>enableActionOnEvent</Name>
      <APILanguage>cpp</APILanguage>
      <Type>data</Type>
    </TokenIdentifier>
    <Path>class_ak_event_a55c358f4863c8f85aa5dd72dcf5b8fcb.html</Path>
    <Anchor>a55c358f4863c8f85aa5dd72dcf5b8fcb</Anchor>
    <Abstract>Enables additional options to reuse existing events. Use it to transform a Play event...</Abstract>
  </Token>
  <Token>
    <TokenIdentifier>
      <Name>actionOnEventType</Name>
      <APILanguage>cpp</APILanguage>
      <Type>data</Type>
    </TokenIdentifier>
    <Path>class_ak_event_a9ebd4b3857bd5aa4e48ad140f7418a75.html</Path>
    <Anchor>a9ebd4b3857bd5aa4e48ad140f7418a75</Anchor>
    <Abstract>Replacement action. See AK::SoundEngine::ExecuteEventOnAction().</Abstract>
  </Token>
  <Token>
    <TokenIdentifier>
      <Name>curveInterpolation</Name>
      <APILanguage>cpp</APILanguage>
      <Type>data</Type>
    </TokenIdentifier>
    <Path>class_ak_event_ac9a601f2ea52e2ec4f7da6f6d1f47417.html</Path>
    <Anchor>ac9a601f2ea52e2ec4f7da6f6d1f47417</Anchor>
    <Abstract>Fade curve to use with the new Action. See AK::SoundEngine::ExecuteEventOnAction()...</Abstract>
  </Token>
  <Token>
    <TokenIdentifier>
      <Name>transitionDuration</Name>
      <APILanguage>cpp</APILanguage>
      <Type>data</Type>
    </TokenIdentifier>
    <Path>class_ak_event_a856277457c22871638f774f7b99069d8.html</Path>
    <Anchor>a856277457c22871638f774f7b99069d8</Anchor>
    <Abstract>Duration of the fade. See AK::SoundEngine::ExecuteEventOnAction().</Abstract>
  </Token>
  <Token>
    <TokenIdentifier>
      <Name>sender</Name>
      <APILanguage>cpp</APILanguage>
      <Type>data</Type>
    </TokenIdentifier>
    <Path>class_ak_event_callback_msg_ac6e78d3c3a2518bfe74f115c4838eb21.html</Path>
    <Anchor>ac6e78d3c3a2518bfe74f115c4838eb21</Anchor>
    <Abstract>AkSoundEngine.PostEvent callback flags. See the AkCallbackType enumeration for a...</Abstract>
  </Token>
  <Token>
    <TokenIdentifier>
      <Name>info</Name>
      <APILanguage>cpp</APILanguage>
      <Type>data</Type>
    </TokenIdentifier>
    <Path>class_ak_event_callback_msg_ae7a3476be29a602f067ebed7a3e1427e.html</Path>
    <Anchor>ae7a3476be29a602f067ebed7a3e1427e</Anchor>
    <Abstract>GameObject from whom the callback function was called.</Abstract>
  </Token>
  <Token>
    <TokenIdentifier>
      <Name>AddListener</Name>
      <APILanguage>csharp</APILanguage>
      <Type>instm</Type>
    </TokenIdentifier>
    <Path>class_ak_game_obj_aeb8b2dd5cc6cbc5bc08c9582dc2d7ab2.html</Path>
    <Anchor>aeb8b2dd5cc6cbc5bc08c9582dc2d7ab2</Anchor>
    <Abstract>Adds an AkAudioListener to the container of listeners listening to this gameobject...</Abstract>
  </Token>
  <Token>
    <TokenIdentifier>
      <Name>RemoveListener</Name>
      <APILanguage>csharp</APILanguage>
      <Type>instm</Type>
    </TokenIdentifier>
    <Path>class_ak_game_obj_aec9421abee4305eefa99450ce546b061.html</Path>
    <Anchor>aec9421abee4305eefa99450ce546b061</Anchor>
    <Abstract>Removes an AkAudioListener from the container of listeners listening to this gameobject...</Abstract>
  </Token>
  <Token>
    <TokenIdentifier>
      <Name>GetPosition</Name>
      <APILanguage>csharp</APILanguage>
      <Type>instm</Type>
    </TokenIdentifier>
    <Path>class_ak_game_obj_a52d398b9990c9d6abe9d080fcbc7697e.html</Path>
    <Anchor>a52d398b9990c9d6abe9d080fcbc7697e</Anchor>
  </Token>
  <Token>
    <TokenIdentifier>
      <Name>GetForward</Name>
      <APILanguage>csharp</APILanguage>
      <Type>instm</Type>
    </TokenIdentifier>
    <Path>class_ak_game_obj_a05d366c08b2321527ecf1d7d9490413c.html</Path>
    <Anchor>a05d366c08b2321527ecf1d7d9490413c</Anchor>
  </Token>
  <Token>
    <TokenIdentifier>
      <Name>GetUpward</Name>
      <APILanguage>csharp</APILanguage>
      <Type>instm</Type>
    </TokenIdentifier>
    <Path>class_ak_game_obj_a01b1ddc17828b589adbc074684d35433.html</Path>
    <Anchor>a01b1ddc17828b589adbc074684d35433</Anchor>
  </Token>
  <Token>
    <TokenIdentifier>
      <Name>m_positionOffsetData</Name>
      <APILanguage>cpp</APILanguage>
      <Type>data</Type>
    </TokenIdentifier>
    <Path>class_ak_game_obj_af04d8aad357e219372c374457245cd2b.html</Path>
    <Anchor>af04d8aad357e219372c374457245cd2b</Anchor>
    <Abstract>When not set to null, the position will be offset relative to the Game Object position...</Abstract>
  </Token>
  <Token>
    <TokenIdentifier>
      <Name>isEnvironmentAware</Name>
      <APILanguage>cpp</APILanguage>
      <Type>data</Type>
    </TokenIdentifier>
    <Path>class_ak_game_obj_a92b827623ddc330289d2e1f228841399.html</Path>
    <Anchor>a92b827623ddc330289d2e1f228841399</Anchor>
    <Abstract>Is this object affected by Environment changes? Set to false if not affected in order...</Abstract>
  </Token>
  <Token>
    <TokenIdentifier>
      <Name>basePath</Name>
      <APILanguage>cpp</APILanguage>
      <Type>data</Type>
    </TokenIdentifier>
    <Path>class_ak_initializer_afee118d93773dbca99a24c44763de187.html</Path>
    <Anchor>afee118d93773dbca99a24c44763de187</Anchor>
    <Abstract>Path for the soundbanks. This must contain one sub folder per platform, with the...</Abstract>
  </Token>
  <Token>
    <TokenIdentifier>
      <Name>language</Name>
      <APILanguage>cpp</APILanguage>
      <Type>data</Type>
    </TokenIdentifier>
    <Path>class_ak_initializer_a61be742439aa04aa1166a2fa41cb64cd.html</Path>
    <Anchor>a61be742439aa04aa1166a2fa41cb64cd</Anchor>
    <Abstract>Language sub-folder.</Abstract>
  </Token>
  <Token>
    <TokenIdentifier>
      <Name>defaultPoolSize</Name>
      <APILanguage>cpp</APILanguage>
      <Type>data</Type>
    </TokenIdentifier>
    <Path>class_ak_initializer_a0ad8d81a50a26216273ccd6b2e7e1f8c.html</Path>
    <Anchor>a0ad8d81a50a26216273ccd6b2e7e1f8c</Anchor>
    <Abstract>Default Pool size. This contains the meta data for your audio project. Default size...</Abstract>
  </Token>
  <Token>
    <TokenIdentifier>
      <Name>lowerPoolSize</Name>
      <APILanguage>cpp</APILanguage>
      <Type>data</Type>
    </TokenIdentifier>
    <Path>class_ak_initializer_ac82f1b79e078db9fdac54002a0a7b78c.html</Path>
    <Anchor>ac82f1b79e078db9fdac54002a0a7b78c</Anchor>
    <Abstract>Lower Pool size. This contains the audio processing buffers and DSP data. Default...</Abstract>
  </Token>
  <Token>
    <TokenIdentifier>
      <Name>streamingPoolSize</Name>
      <APILanguage>cpp</APILanguage>
      <Type>data</Type>
    </TokenIdentifier>
    <Path>class_ak_initializer_a488d0eeec5644c0aaefd83b377a9c216.html</Path>
    <Anchor>a488d0eeec5644c0aaefd83b377a9c216</Anchor>
    <Abstract>Streaming Pool size. This contains the streaming buffers. Default size is 1 MB, but...</Abstract>
  </Token>
  <Token>
    <TokenIdentifier>
      <Name>preparePoolSize</Name>
      <APILanguage>cpp</APILanguage>
      <Type>data</Type>
    </TokenIdentifier>
    <Path>class_ak_initializer_ae6d4728878d4815880a73312070b1862.html</Path>
    <Anchor>ae6d4728878d4815880a73312070b1862</Anchor>
    <Abstract>Prepare Pool size. This contains the banks loaded using PrepareBank (Banks decoded...</Abstract>
  </Token>
  <Token>
    <TokenIdentifier>
      <Name>memoryCutoffThreshold</Name>
      <APILanguage>cpp</APILanguage>
      <Type>data</Type>
    </TokenIdentifier>
    <Path>class_ak_initializer_a3ce030ffbae1ed67e857e5e3617eb441.html</Path>
    <Anchor>a3ce030ffbae1ed67e857e5e3617eb441</Anchor>
    <Abstract>This setting will trigger the killing of sounds when the memory is reaching 95% of...</Abstract>
  </Token>
  <Token>
    <TokenIdentifier>
      <Name>monitorPoolSize</Name>
      <APILanguage>cpp</APILanguage>
      <Type>data</Type>
    </TokenIdentifier>
    <Path>class_ak_initializer_ab1f519cc4df58c052f52e468e373590b.html</Path>
    <Anchor>ab1f519cc4df58c052f52e468e373590b</Anchor>
    <Abstract>Monitor Pool size. Size of the monitoring pool, in bytes. This parameter is not used...</Abstract>
  </Token>
  <Token>
    <TokenIdentifier>
      <Name>monitorQueuePoolSize</Name>
      <APILanguage>cpp</APILanguage>
      <Type>data</Type>
    </TokenIdentifier>
    <Path>class_ak_initializer_aeb9ad42e670c765d1fbb32a2e15942fe.html</Path>
    <Anchor>aeb9ad42e670c765d1fbb32a2e15942fe</Anchor>
    <Abstract>Monitor Queue Pool size. Size of the monitoring queue pool, in bytes. This parameter...</Abstract>
  </Token>
  <Token>
    <TokenIdentifier>
      <Name>callbackManagerBufferSize</Name>
      <APILanguage>cpp</APILanguage>
      <Type>data</Type>
    </TokenIdentifier>
    <Path>class_ak_initializer_a6f77ed067d6b92292caa025eb874d797.html</Path>
    <Anchor>a6f77ed067d6b92292caa025eb874d797</Anchor>
    <Abstract>CallbackManager buffer size. The size of the buffer used per-frame to transfer callback...</Abstract>
  </Token>
  <Token>
    <TokenIdentifier>
      <Name>spatialAudioPoolSize</Name>
      <APILanguage>cpp</APILanguage>
      <Type>data</Type>
    </TokenIdentifier>
    <Path>class_ak_initializer_ac7c3a32d0fa7b4345bc493c1677d3640.html</Path>
    <Anchor>ac7c3a32d0fa7b4345bc493c1677d3640</Anchor>
    <Abstract>Spatial Audio Lower Pool size. Default size is 4 MB, but you should adjust for your...</Abstract>
  </Token>
  <Token>
    <TokenIdentifier>
      <Name>maxSoundPropagationDepth</Name>
      <APILanguage>cpp</APILanguage>
      <Type>data</Type>
    </TokenIdentifier>
    <Path>class_ak_initializer_aa00ad7efa5fba222f86e324e454d079d.html</Path>
    <Anchor>aa00ad7efa5fba222f86e324e454d079d</Anchor>
    <Abstract>Spatial Audio Max Sound Propagation Depth. Maximum number of rooms that sound can...</Abstract>
  </Token>
  <Token>
    <TokenIdentifier>
      <Name>diffractionFlags</Name>
      <APILanguage>cpp</APILanguage>
      <Type>data</Type>
    </TokenIdentifier>
    <Path>class_ak_initializer_a33b45113439a65e9e3d77acfcd401819.html</Path>
    <Anchor>a33b45113439a65e9e3d77acfcd401819</Anchor>
    <Abstract>Enable or disable specific diffraction features. See AkDiffractionFlags.</Abstract>
  </Token>
  <Token>
    <TokenIdentifier>
      <Name>engineLogging</Name>
      <APILanguage>cpp</APILanguage>
      <Type>data</Type>
    </TokenIdentifier>
    <Path>class_ak_initializer_ad9184e361ff2f0ef161a47c167669b81.html</Path>
    <Anchor>ad9184e361ff2f0ef161a47c167669b81</Anchor>
    <Abstract>Enable Wwise engine logging. Option to turn on/off the logging of the Wwise engine...</Abstract>
  </Token>
  <Token>
    <TokenIdentifier>
      <Name>LoadNonLocalizedBank</Name>
      <APILanguage>csharp</APILanguage>
      <Type>instm</Type>
    </TokenIdentifier>
    <Path>class_ak_mem_bank_loader_ac730fdbbc50db52628fab61369cfff3a.html</Path>
    <Anchor>ac730fdbbc50db52628fab61369cfff3a</Anchor>
    <Abstract>Load a sound bank from WWW object.</Abstract>
  </Token>
  <Token>
    <TokenIdentifier>
      <Name>LoadLocalizedBank</Name>
      <APILanguage>csharp</APILanguage>
      <Type>instm</Type>
    </TokenIdentifier>
    <Path>class_ak_mem_bank_loader_a97d7dae0ed7e6718759403417274af54.html</Path>
    <Anchor>a97d7dae0ed7e6718759403417274af54</Anchor>
    <Abstract>Load a language-specific bank from WWW object.</Abstract>
  </Token>
  <Token>
    <TokenIdentifier>
      <Name>bankName</Name>
      <APILanguage>cpp</APILanguage>
      <Type>data</Type>
    </TokenIdentifier>
    <Path>class_ak_mem_bank_loader_a2a14604a902af51dc8589b273c7be184.html</Path>
    <Anchor>a2a14604a902af51dc8589b273c7be184</Anchor>
    <Abstract>Name of the bank to load.</Abstract>
  </Token>
  <Token>
    <TokenIdentifier>
      <Name>isLocalizedBank</Name>
      <APILanguage>cpp</APILanguage>
      <Type>data</Type>
    </TokenIdentifier>
    <Path>class_ak_mem_bank_loader_a2eb6294ffc60c639f86e13869fc99826.html</Path>
    <Anchor>a2eb6294ffc60c639f86e13869fc99826</Anchor>
    <Abstract>Is the bank localized (situated in the language specific folders).</Abstract>
  </Token>
  <Token>
    <TokenIdentifier>
      <Name>GetID</Name>
      <APILanguage>csharp</APILanguage>
      <Type>instm</Type>
    </TokenIdentifier>
    <Path>class_ak_room_a9f34f32008b1557ca6643e8f53091070.html</Path>
    <Anchor>a9f34f32008b1557ca6643e8f53091070</Anchor>
    <Abstract>Access the room&amp;#39;s ID.</Abstract>
  </Token>
  <Token>
    <TokenIdentifier>
      <Name>reverbAuxBus</Name>
      <APILanguage>cpp</APILanguage>
      <Type>data</Type>
    </TokenIdentifier>
    <Path>class_ak_room_aef30f6ba95e6427df3b4f41d48fd7f7c.html</Path>
    <Anchor>aef30f6ba95e6427df3b4f41d48fd7f7c</Anchor>
    <Abstract>The reverb auxiliary bus.</Abstract>
  </Token>
  <Token>
    <TokenIdentifier>
      <Name>reverbLevel</Name>
      <APILanguage>cpp</APILanguage>
      <Type>data</Type>
    </TokenIdentifier>
    <Path>class_ak_room_aadd32d9ed8045d5a5949a5a9ef75d900.html</Path>
    <Anchor>aadd32d9ed8045d5a5949a5a9ef75d900</Anchor>
    <Abstract>The reverb control value for the send to the reverb aux bus.</Abstract>
  </Token>
  <Token>
    <TokenIdentifier>
      <Name>wallOcclusion</Name>
      <APILanguage>cpp</APILanguage>
      <Type>data</Type>
    </TokenIdentifier>
    <Path>class_ak_room_a072a168fe1a45d8b21c8ba4bb52c00e5.html</Path>
    <Anchor>a072a168fe1a45d8b21c8ba4bb52c00e5</Anchor>
    <Abstract>Occlusion level modeling transmission through walls.</Abstract>
  </Token>
  <Token>
    <TokenIdentifier>
      <Name>priority</Name>
      <APILanguage>cpp</APILanguage>
      <Type>data</Type>
    </TokenIdentifier>
    <Path>class_ak_room_a1637d0e27f1fd0c0bee4ff23badbf171.html</Path>
    <Anchor>a1637d0e27f1fd0c0bee4ff23badbf171</Anchor>
  </Token>
  <Token>
    <TokenIdentifier>
      <Name>GetID</Name>
      <APILanguage>csharp</APILanguage>
      <Type>instm</Type>
    </TokenIdentifier>
    <Path>class_ak_room_portal_a7b51b55bbe6693241fc49fd5fe7db7b3.html</Path>
    <Anchor>a7b51b55bbe6693241fc49fd5fe7db7b3</Anchor>
    <Abstract>Access the portal&amp;#39;s ID.</Abstract>
  </Token>
  <Token>
    <TokenIdentifier>
      <Name>HandleEvent</Name>
      <APILanguage>csharp</APILanguage>
      <Type>instm</Type>
    </TokenIdentifier>
    <Path>class_ak_room_portal_a043dec0fdd5b453864de854e88c2a7cf.html</Path>
    <Anchor>a043dec0fdd5b453864de854e88c2a7cf</Anchor>
    <Abstract>Opens the portal on trigger event.</Abstract>
  </Token>
  <Token>
    <TokenIdentifier>
      <Name>ClosePortal</Name>
      <APILanguage>csharp</APILanguage>
      <Type>instm</Type>
    </TokenIdentifier>
    <Path>class_ak_room_portal_a2340cc214ad25aae93e4e306435dbe58.html</Path>
    <Anchor>a2340cc214ad25aae93e4e306435dbe58</Anchor>
    <Abstract>Closes the portal on trigger event.</Abstract>
  </Token>
  <Token>
    <TokenIdentifier>
      <Name>MAX_ROOMS_PER_PORTAL</Name>
      <APILanguage>cpp</APILanguage>
      <Type>data</Type>
    </TokenIdentifier>
    <Path>class_ak_room_portal_a39c53f00442550cb42948aac0ba9eb11.html</Path>
    <Anchor>a39c53f00442550cb42948aac0ba9eb11</Anchor>
    <Abstract>AkRoomPortals can only connect a maximum of 2 rooms.</Abstract>
  </Token>
  <Token>
    <TokenIdentifier>
      <Name>rooms</Name>
      <APILanguage>cpp</APILanguage>
      <Type>data</Type>
    </TokenIdentifier>
    <Path>class_ak_room_portal_a3880e462962b933cde8dafc5a294242b.html</Path>
    <Anchor>a3880e462962b933cde8dafc5a294242b</Anchor>
  </Token>
  <Token>
    <TokenIdentifier>
      <Name>reflectAuxBus</Name>
      <APILanguage>cpp</APILanguage>
      <Type>data</Type>
    </TokenIdentifier>
    <Path>class_ak_spatial_audio_emitter_a6e426e74c3d2865e9cd8374f77c2920b.html</Path>
    <Anchor>a6e426e74c3d2865e9cd8374f77c2920b</Anchor>
    <Abstract>The Auxiliary Bus with a Reflect plug-in Effect applied.</Abstract>
  </Token>
  <Token>
    <TokenIdentifier>
      <Name>reflectionsOrder</Name>
      <APILanguage>cpp</APILanguage>
      <Type>data</Type>
    </TokenIdentifier>
    <Path>class_ak_spatial_audio_emitter_aead7eca8d8bb7670abb7d5baec4f8274.html</Path>
    <Anchor>aead7eca8d8bb7670abb7d5baec4f8274</Anchor>
  </Token>
  <Token>
    <TokenIdentifier>
      <Name>reflectionsAuxBusGain</Name>
      <APILanguage>cpp</APILanguage>
      <Type>data</Type>
    </TokenIdentifier>
    <Path>class_ak_spatial_audio_emitter_a58fc1cc9bbc20c935c1735fe3de05328.html</Path>
    <Anchor>a58fc1cc9bbc20c935c1735fe3de05328</Anchor>
    <Abstract>The gain [0, 1] applied to the reflect auxiliary bus.</Abstract>
  </Token>
  <Token>
    <TokenIdentifier>
      <Name>reflectionMaxPathLength</Name>
      <APILanguage>cpp</APILanguage>
      <Type>data</Type>
    </TokenIdentifier>
    <Path>class_ak_spatial_audio_emitter_ac56f96705df59e097f589fcb58687846.html</Path>
    <Anchor>ac56f96705df59e097f589fcb58687846</Anchor>
    <Abstract>The maximum path length a sound path can have from the emitter to the listener after...</Abstract>
  </Token>
  <Token>
    <TokenIdentifier>
      <Name>roomReverbAuxBusGain</Name>
      <APILanguage>cpp</APILanguage>
      <Type>data</Type>
    </TokenIdentifier>
    <Path>class_ak_spatial_audio_emitter_ae2ba5199b536118c0edb72d1904be75e.html</Path>
    <Anchor>ae2ba5199b536118c0edb72d1904be75e</Anchor>
    <Abstract>Send gain (0.f-1.f) that is applied when sending to the aux bus associated with the...</Abstract>
  </Token>
  <Token>
    <TokenIdentifier>
      <Name>groupID</Name>
      <APILanguage>cpp</APILanguage>
      <Type>data</Type>
    </TokenIdentifier>
    <Path>class_ak_state_a2c97d469200fd06716cac28b82d1580f.html</Path>
    <Anchor>a2c97d469200fd06716cac28b82d1580f</Anchor>
    <Abstract>State Group ID, as defined in WwiseID.cs.</Abstract>
  </Token>
  <Token>
    <TokenIdentifier>
      <Name>valueID</Name>
      <APILanguage>cpp</APILanguage>
      <Type>data</Type>
    </TokenIdentifier>
    <Path>class_ak_state_a79a82c86cd31179113562929c1a67fd2.html</Path>
    <Anchor>a79a82c86cd31179113562929c1a67fd2</Anchor>
    <Abstract>State Value ID, as defined in WwiseID.cs.</Abstract>
  </Token>
  <Token>
    <TokenIdentifier>
      <Name>AddGeometrySet</Name>
      <APILanguage>csharp</APILanguage>
      <Type>clm</Type>
    </TokenIdentifier>
    <Path>class_ak_surface_reflector_a425dc33b99dc3312c05011713143ff72.html</Path>
    <Anchor>a425dc33b99dc3312c05011713143ff72</Anchor>
    <Abstract>Sends the mesh filter&amp;#39;s triangles and their acoustic texture to Spatial Audio...</Abstract>
  </Token>
  <Token>
    <TokenIdentifier>
      <Name>RemoveGeometrySet</Name>
      <APILanguage>csharp</APILanguage>
      <Type>clm</Type>
    </TokenIdentifier>
    <Path>class_ak_surface_reflector_a949d3bf6393a8d564f42829f3be9dd02.html</Path>
    <Anchor>a949d3bf6393a8d564f42829f3be9dd02</Anchor>
    <Abstract>Remove the corresponding mesh filter&amp;#39;s geometry from Spatial Audio.</Abstract>
  </Token>
  <Token>
    <TokenIdentifier>
      <Name>AcousticTexture</Name>
      <APILanguage>cpp</APILanguage>
      <Type>data</Type>
    </TokenIdentifier>
    <Path>class_ak_surface_reflector_a3f780a056ad53534aa3fd5ee4a8afa52.html</Path>
    <Anchor>a3f780a056ad53534aa3fd5ee4a8afa52</Anchor>
    <Abstract>All triangles of the component&amp;#39;s mesh will be applied with this texture. The...</Abstract>
  </Token>
  <Token>
    <TokenIdentifier>
      <Name>groupID</Name>
      <APILanguage>cpp</APILanguage>
      <Type>data</Type>
    </TokenIdentifier>
    <Path>class_ak_switch_aaa5fffce06dc767f44d06fad43959e86.html</Path>
    <Anchor>aaa5fffce06dc767f44d06fad43959e86</Anchor>
    <Abstract>Switch Group ID, as defined in WwiseID.cs.</Abstract>
  </Token>
  <Token>
    <TokenIdentifier>
      <Name>valueID</Name>
      <APILanguage>cpp</APILanguage>
      <Type>data</Type>
    </TokenIdentifier>
    <Path>class_ak_switch_a0c4801b342fd0b06f1f70f3d7243c455.html</Path>
    <Anchor>a0c4801b342fd0b06f1f70f3d7243c455</Anchor>
    <Abstract>Switch Value ID, as defined in WwiseID.cs.</Abstract>
  </Token>
  <Token>
    <TokenIdentifier>
      <Name>Trigger</Name>
      <APILanguage>csharp</APILanguage>
      <Type>instm</Type>
    </TokenIdentifier>
    <Path>class_ak_trigger_base_ab4614eb4bd6786e862e003bfa19cafea.html</Path>
    <Anchor>ab4614eb4bd6786e862e003bfa19cafea</Anchor>
    <Abstract>Delegate declaration for all Wwise Triggers.</Abstract>
  </Token>
  <Token>
    <TokenIdentifier>
      <Name>triggerDelegate</Name>
      <APILanguage>cpp</APILanguage>
      <Type>data</Type>
    </TokenIdentifier>
    <Path>class_ak_trigger_base_ab98c3e4da938eedb78dc5506f61ab6e4.html</Path>
    <Anchor>ab98c3e4da938eedb78dc5506f61ab6e4</Anchor>
    <Abstract>All components reacting to the trigger will be registered in this delegate.</Abstract>
  </Token>
  <Token>
    <TokenIdentifier>
      <Name>Post</Name>
      <APILanguage>csharp</APILanguage>
      <Type>instm</Type>
    </TokenIdentifier>
    <Path>class_a_k_1_1_wwise_1_1_event_a953985bf58b894f8a46ddc886b6f85f3.html</Path>
    <Anchor>a953985bf58b894f8a46ddc886b6f85f3</Anchor>
    <Abstract>Posts this Event on a GameObject.</Abstract>
  </Token>
  <Token>
    <TokenIdentifier>
      <Name>Post</Name>
      <APILanguage>csharp</APILanguage>
      <Type>instm</Type>
    </TokenIdentifier>
    <Path>class_a_k_1_1_wwise_1_1_event_a5322d7e6814381ad36584577c4539785.html</Path>
    <Anchor>a5322d7e6814381ad36584577c4539785</Anchor>
    <Abstract>Posts this Event on a GameObject.</Abstract>
  </Token>
  <Token>
    <TokenIdentifier>
      <Name>Post</Name>
      <APILanguage>csharp</APILanguage>
      <Type>instm</Type>
    </TokenIdentifier>
    <Path>class_a_k_1_1_wwise_1_1_event_a0b718611903387a2b9913ef975e8763c.html</Path>
    <Anchor>a0b718611903387a2b9913ef975e8763c</Anchor>
    <Abstract>Posts this Event on a GameObject.</Abstract>
  </Token>
  <Token>
    <TokenIdentifier>
      <Name>ExecuteAction</Name>
      <APILanguage>csharp</APILanguage>
      <Type>instm</Type>
    </TokenIdentifier>
    <Path>class_a_k_1_1_wwise_1_1_event_a19886a106e84cb7f40c2e84ac33c94aa.html</Path>
    <Anchor>a19886a106e84cb7f40c2e84ac33c94aa</Anchor>
    <Abstract>Executes various actions on this event associated with a GameObject.</Abstract>
  </Token>
  <Token>
    <TokenIdentifier>
      <Name>PostMIDI</Name>
      <APILanguage>csharp</APILanguage>
      <Type>instm</Type>
    </TokenIdentifier>
    <Path>class_a_k_1_1_wwise_1_1_event_a6c285edd965d32358e39536d2db81730.html</Path>
    <Anchor>a6c285edd965d32358e39536d2db81730</Anchor>
    <Abstract>Posts MIDI Events on this Event associated with a GameObject.</Abstract>
  </Token>
  <Token>
    <TokenIdentifier>
      <Name>PostMIDI</Name>
      <APILanguage>csharp</APILanguage>
      <Type>instm</Type>
    </TokenIdentifier>
    <Path>class_a_k_1_1_wwise_1_1_event_a325c303f5b6c270cc472a26d54ab1136.html</Path>
    <Anchor>a325c303f5b6c270cc472a26d54ab1136</Anchor>
    <Abstract>Posts MIDI Events on this Event associated with a GameObject.</Abstract>
  </Token>
  <Token>
    <TokenIdentifier>
      <Name>StopMIDI</Name>
      <APILanguage>csharp</APILanguage>
      <Type>instm</Type>
    </TokenIdentifier>
    <Path>class_a_k_1_1_wwise_1_1_event_a05866493b8929fac32c498ffa05bb976.html</Path>
    <Anchor>a05866493b8929fac32c498ffa05bb976</Anchor>
    <Abstract>Stops MIDI Events on this Event associated with a GameObject.</Abstract>
  </Token>
  <Token>
    <TokenIdentifier>
      <Name>StopMIDI</Name>
      <APILanguage>csharp</APILanguage>
      <Type>instm</Type>
    </TokenIdentifier>
    <Path>class_a_k_1_1_wwise_1_1_event_af7d68d6e81cd250ec3c0941801c4a114.html</Path>
    <Anchor>af7d68d6e81cd250ec3c0941801c4a114</Anchor>
    <Abstract>Stops all MIDI Events on this Event.</Abstract>
  </Token>
</Tokens>
